{
  "assetsByChunkName": {
    "vendors~app-account~app-checkout~app-confirmation~app-order": "chunk.5f7944b50001669bdb89.js",
    "vendors~app-account~app-confirmation~app-order": "chunk.e8e917d001bf0a1d6a11.js",
    "vendors~app-account~app-checkout": "chunk.10fadb12989306775b0b.js",
    "admin": [
      "admin.12d9fd190176036272c4.js",
      "admin.12d9fd190176036272c4.js.map"
    ],
    "app-account": "chunk.e0f947788cfe55903ae3.js",
    "app-confirmation": "chunk.6d2d2f9279429b09c817.js",
    "app-order": "chunk.e2ff28b177d050245ae5.js",
    "checkout": [
      "checkout.e0e707036a0dac401edb.js",
      "checkout.e0e707036a0dac401edb.js.map"
    ],
    "storefront": [
      "storefront.fbde21ab2b78379fb5d5.css",
      "storefront.f50fa52b87dad9d8e16b.js",
      "storefront.fbde21ab2b78379fb5d5.css.map",
      "storefront.f50fa52b87dad9d8e16b.js.map"
    ],
    "vendors~app-cart": "chunk.0d7c528d5841a4aa5e22.js",
    "vendors~app-checkout": "chunk.68bf5f30842119dfa132.js"
  }
}