{
  "title": "Condições de entrega",
  "meta_title": "Condições de entrega",
  "meta_description": "Condições de entrega",
  "body": "**Envio para Todo Brasil.**\n\nNossas entregas são realizadas via Correios ou Transportadoras.\n\nApós a confirmação do pagamento em nosso sistema, o pedido é separado, empacotado e enviado aos Correios, esse processo pode levar até 6 dias úteis. O tipo de envio será de acordo com a escolha do cliente, por SEDEX ou PAC. Os prazos de entrega variam de região para região.\n\n Os prazos variam conforme o destino. Ao escolher a opção SEDEX ou PAC, o cliente tem acesso ao preço e prazo de entrega.\n As entregas feitas por SEDEX ou PAC, estão sujeitas à política de entrega dos Correios. Caso o CEP tenha restrição para entrega, é de responsabilidade do cliente retirar sua compra na agência  mais próxima, conforme indicado no  código de rastreio.\nCaso o pedido não seja retirado pelo cliente, ele retorna para nossa central e  será cobrado um novo frete para reenvio.\n Em caso de extravio da encomenda pelos Correios, o cliente será ressarcido pela loja ou receberá uma nova peça, de acordo com a disponibilidade no estoque.\nO número de rastreamento de sua compra será enviado ao e-mail cadastrado no site no prazo de até 5 dias úteis após confirmação do pagamento .\nAs postagens são feitas de segunda a sexta-feira.\n\n**Promoções vigentes:**\n\n**NAS COMPRAS ACIMA DE R$ 300,00 FRETE GRÁTIS PARA ESTADO DE SÃO PAULO.**\n\n**FRETE FIXO PARA ESTADO DE SP - R$13,90 para PAC.**\n\nFicou com algum dúvida fale conosco pelo whatsapp\n\nNossos contatos:\n\nPor email: [contato.casagrandemodas@gmail.com](mailto:contato.casagrandemodas@gmail.com)\n\nPor whatsapp : (11) 4582-1187\n\nSAC: (11) 4582-1187",
  "sections": [
    {
      "type": "breadcrumbs",
      "enabled": true
    },
    {
      "type": "extra-page",
      "enabled": true
    },
    {
      "type": "info-bar",
      "enabled": true
    }
  ]
}