{
  "title": "Trocas e devoluções",
  "meta_title": "Trocas e devoluções",
  "meta_description": "Trocas e devoluções",
  "body": "POLÍTICA DE TROCA\n\nNOSSA POLÍTICA DE TROCA ESTÁ DE ACORDO COM O CÓDIGO DE DEFESA DO CONSUMIDOR.\n\n**Troca**\n\nA Politica de Troca é a mesma para todas as formas de envio (Sedex e PAC).\n\n**TROCA POR INSATISFAÇÃO (numeração ou modelo):** \n\nPara que a troca seja realizada, o(s) produto(s) devem estar na embalagem original, com a nota fiscal, e em perfeito estado (se houver acessórios, todos devem acompanhar a peça). A etiqueta da loja deve estar afixada ao produto. \n\n**TROCA POR DEFEITO:**\n\nO prazo é de até 7 dias corridos, a partir da data da chegada do produto. Favor entrar em contato, pelo e-mail contato.casagrandemodas@gmail.com, comunicando o motivo da troca(TROCA POR DEFEITO), seu  nome e CPF, 2 a 3 fotos que comprovem o defeito e o número do pedido. Caso não seja possível a reposição do item por outro igual, será feito o ressarcimento do valor integral da peça ou o envio de um cupom de desconto.\n\nNos dois casos acima, **TROCA POR INSATISFAÇÃO** ou **TROCA POR DEFEITO**:\n\nNos casos de troca, entraremos em contato, em até 5 dias úteis com a autorização e as instruções para retorno da mercadoria.\n\nApós o recebimento do produto, faremos uma avaliação e posterior autorização.\n\nSó serão aceitas as mercadorias, que forem enviadas seguindo os passos citados acima.\n\nApós o recebimento, são 7 dias para o envio/postagem do novo produto.\n\n**NO CASO DE DESISTÊNCIA DA COMPRA** (direito ao arrependimento):\n\nO ressarcimento ocorrerá quando o produto chegar na loja, passar por avaliação e for verificado que não foi avariado.\n\nEstorno do valor referente à compra, no caso do direito ao arrependimento:\n\n**Cartão de crédito**\n\nEm caso de devolução total/parcial da compra, paga com cartão de crédito, será efetuado o estorno/cancelamento total/parcial do pedido. A solicitação de estorno/cancelamento será realizada por nossa equipe, o crédito será identificado pela administradora do cartão de crédito em até três faturas após a conclusão da devolução, dependendo da data de fechamento da fatura do seu cartão de crédito.\n\n**Pix**\n\nEm caso de devolução da compra, por insatisfação, paga por pix, o valor será estornado, após o recebimento da mercadoria, na central da Loja Casa Grande, na conta de origem. Sendo seguidos todos os passos descritos acima.\n\n**Cupom de Desconto ou vale compras**\n\nO cupom de desconto será gerado, em até 5 dias úteis, após o recebimento da mercadoria devolvida, por e-mail, e terá validade de 3 meses e deverá ser usado em todo o site.\n\nUma vez escolhido o cupom ou vale compras, o mesmo não poderá ser trocado depois em devolução do valor pago.\n\n**CUSTO DO FRETE NA TROCA:**\n\nDefeito ou produto em desacordo com a compra: o frete será pago pela loja (ida e volta via pac ).\n\nTroca por INSATISFAÇÃO tamanho/numeração: o frete fica por conta do cliente (ida e volta via pac ).\n\nTroca por outro produto INSATISFAÇÃO: o frete será pago pelo cliente (ida e volta via pac)\n\nDevolução (direito ao arrependimento): Em caso de devolução total, o frete de devolução é por conta da loja, devolução parcial o frete é pago pelo cliente.\n\n**IMPORTANTE**\n\n* Passado o prazo de 7 dias ou o não cumprimento das instruções enviadas por e-mail, não aceitaremos mais devoluções ou troca.",
  "sections": [
    {
      "type": "breadcrumbs",
      "enabled": true
    },
    {
      "type": "extra-page",
      "enabled": true
    },
    {
      "type": "info-bar",
      "enabled": true
    }
  ]
}