{
  "description": {
    "title": "",
    "text": ""
  },
  "links_1": {
    "list_pages": true,
    "title": "Informações",
    "list": [
      {
        "text": "Casa Grande Modas"
      },
      {
        "text": "Condições de Entrega"
      },
      {
        "text": "Como Comprar"
      },
      {
        "text": "Formas de Pagamento"
      },
      {
        "text": "Política de Privacidade"
      },
      {
        "text": "Trocas e Devolução"
      }
    ]
  },
  "links_2": {
    "list_categories": false,
    "title": "Categorias",
    "list": []
  },
  "contacts": {
    "title": "Fale Conosco",
    "phone_wpp": true,
    "socials": true,
    "email": true,
    "address": true
  },
  "stamps": [
    {
      "src": "/img/uploads/ssl-safe.png",
      "alt": "Secure connection"
    }
  ],
  "payment_methods": {
    "bb": false,
    "visa": true,
    "boleto": true,
    "aura": false,
    "banrisul": false,
    "elo": true,
    "hipercard": false,
    "hsbc": false,
    "bradesco": false,
    "santander": false,
    "mastercard": true,
    "citibank": false,
    "mais": false,
    "itau": false
  },
  "credits": ""
}