{
  "marketing_stripe": {
    "text": "",
    "link": ""
  },
  "contacts_stripe": {
    "pages": [
      {
        "title": "Minha Conta",
        "link": "/app/#/account/"
      },
      {
        "title": "Ver Pedidos",
        "link": "/app/#/account/orders"
      },
      {
        "title": "Como Comprar",
        "link": "/pages/faq"
      },
      {
        "title": "Loja Física"
      }
    ],
    "phone_wpp": true,
    "socials": true
  },
  "categories_list": {
    "featured": [],
    "random": 6,
    "full_width": true
  },
  "desktop_megamenu": false,
  "search_input": true
}