{
  "meta_title": "",
  "meta_description": "",
  "sections": [
    {
      "type": "banner-slider",
      "autoplay": 9000,
      "full_width": true,
      "slides": [
        {
          "start": "2022-07-07T00:06:57.723Z",
          "end": "",
          "img": "/img/uploads/slide-inverno.jpg",
          "mobile_img": "/img/uploads/slideinverno-mobile.jpg"
        },
        {
          "start": "2022-07-07T00:43:36.679Z",
          "end": "",
          "img": "/img/uploads/slideofertas.jpg",
          "mobile_img": "/img/uploads/slidieofertasmobile.jpg",
          "link": "https://casagrandemodas.netlify.app/pages/ofertas",
          "alt": "Aproveite os Descontos em Moda Feminina da Casa Grande Modas "
        }
      ]
    },
    {
      "type": "responsive-banner",
      "img": "/img/uploads/faixa.jpg",
      "mobile_img": "/img/uploads/faixa-mobile.jpg"
    },
    {
      "type": "page-title",
      "title": "Confira os Lançamentos do Mês ",
      "description": "Moda Feminina das melhores marcas com os melhores preços pra você!"
    },
    {
      "type": "dynamic-showcase",
      "load_more": false,
      "sort": "news"
    },
    {
      "type": "collection-shelf",
      "shuffle": false,
      "limit": 12,
      "page": 1,
      "sort": "offers",
      "title": "Aproveite os Descontos Especiais que preparamos para você! ",
      "link": "https://casagrandemodas.netlify.app/pages/ofertas"
    },
    {
      "type": "collection-shelf",
      "shuffle": false,
      "limit": 12,
      "page": 1,
      "collection_id": "62d6b775eb859112168e8fca:categories:Jaquetas:/jaquetas",
      "sort": "news",
      "title": "Aqueça seu Inverno com Jaquetas ",
      "link": "https://casagrandemodas.netlify.app/jaquetas"
    },
    {
      "type": "collection-shelf",
      "shuffle": false,
      "limit": 12,
      "page": 1,
      "collection_id": "62d6b79eeb859112168e9001:categories:Calças:/calcas",
      "sort": "news",
      "link": "https://casagrandemodas.netlify.app/calcas",
      "title": "Calças com os Melhores Preços - confira"
    },
    {
      "type": "collection-shelf",
      "shuffle": false,
      "limit": 12,
      "page": 1,
      "collection_id": "62d6b2d1eb859112168e871a:categories:Feminino Plus:/moda-feminina-plus",
      "sort": "news",
      "title": "Moda Plus Size - Para mulheres com curvas",
      "link": "https://casagrandemodas.netlify.app/moda-feminina-plus"
    },
    {
      "type": "collection-shelf",
      "shuffle": false,
      "limit": 12,
      "page": 1,
      "collection_id": "62d6b8f8eb859112168e928a:categories:Conjuntos:/conjuntos-femininos",
      "sort": "news",
      "title": "Conjuntos - veja todos",
      "link": "https://casagrandemodas.netlify.app/conjuntos-femininos"
    },
    {
      "type": "collection-shelf",
      "shuffle": false,
      "limit": 12,
      "page": 1,
      "collection_id": "62d6b33aeb859112168e8796:categories:Kimono:/kimonos",
      "sort": "news",
      "title": "Kimonos - Confira Aqui ",
      "link": "https://casagrandemodas.netlify.app/kimonos"
    },
    {
      "type": "info-bar",
      "enabled": true
    }
  ]
}