{
  "shipping": {
    "show": true,
    "text": "Enviamos para todo o Brasil",
    "link": "/pages/entrega",
    "title": "FRETE GRÁTIS NAS COMPRAS ACIMA DE R$ 300,00 NO ESTADO DE SÃO PAULO."
  },
  "installments": {
    "show": true,
    "text": "SUAS COMPRAS NO CARTÃO DE CRÉDITO",
    "link": "/pages/pagamentos",
    "title": "PARCELE EM ATÉ 6X SEM JUROS "
  },
  "exchange": {
    "show": true,
    "text": "LOJA COM SSL E SISTEMAS DE PROTEÇÃO DE SUAS INFORMAÇÕES.",
    "link": "/pages/trocas",
    "title": "COMPRA SEGURA"
  },
  "promo": {
    "show": false,
    "text": "Diferentes promoções ao longo do ano!"
  }
}